title,dataid,uploaderid,original_image,datatags,datascore,source_link
zakuro (otome youkai zakuro) drawn by hanchan,4165366,406372,https://cdn.donmai.us/original/00/89/00890c729234302b4303bca253f4d26b.jpg,1girl animal_ears black_eyes black_hair bow flower fox_ears hair_bow hair_ribbon hanchan highres japanese_clothes kimono long_hair night otome_youkai_zakuro outdoors pink_kimono ribbon solo standing twintails wide_sleeves zakuro_(otome_youkai_zakuro),5,https://www.pixiv.net/artworks/67128584
zakuro (otome youkai zakuro) drawn by motobi_(mtb_umk),3918538,406372,https://cdn.donmai.us/original/d2/8b/d28b73279d6e8924bc6dbb78b8fed65e.png,1girl animal_ears black_hair bow fangs fox_ears glint hair_bow hair_ribbon holding holding_knife japanese_clothes kimono knife long_hair looking_at_viewer motobi_(mtb_umk) obi open_mouth otome_youkai_zakuro petals pink_bow purple_eyes ribbon sash simple_background slashing solo standing twintails white_background wide_sleeves zakuro_(otome_youkai_zakuro),5,https://www.pixiv.net/artworks/71165747
"zero two, hiro, zakuro, and agemaki kei (darling in the franxx and 1 more) drawn by leje39",3172737,544464,https://cdn.donmai.us/original/45/1d/451d88eec13dfa40f3f8dcf5e34895b1.png,1boy 1girl agemaki_kei agemaki_kei_(cosplay) black_hair blue_eyes commentary_request cosplay couple crossover darling_in_the_franxx double_horizontal_stripe gold_trim green_eyes hair_ornament hetero highres hiro_(darling_in_the_franxx) holding_hands horns japanese_clothes kimono leje39 long_hair long_sleeves looking_at_another looking_at_viewer military military_uniform obi oni_horns open_mouth otome_youkai_zakuro petals pink_hair pink_kimono protected_link red_horns sash sweatdrop teeth tied_hair uniform zakuro_(otome_youkai_zakuro) zakuro_(otome_youkai_zakuro)_(cosplay) zero_two_(darling_in_the_franxx),0,https://twitter.com/leje39/status/1011851467840372736
zakuro (otome youkai zakuro) drawn by saika1021,2588005,369152,https://cdn.donmai.us/original/3a/43/3a433cdbfd0457b28ce319d952d030d9.jpg,1girl animal_ears bow commentary_request fox_ears hair_bow holding holding_knife japanese_clothes kimono knife long_hair looking_at_viewer obi otome_youkai_zakuro pink_bow pink_kimono purple_eyes saika1021 sash smile solo twintails unmoving_pattern upper_body weapon zakuro_(otome_youkai_zakuro),8,https://www.pixiv.net/artworks/40877199
zakuro (otome youkai zakuro) drawn by takigami,1319497,94336,https://cdn.donmai.us/original/77/1e/771e8b66b6497b5d62f693a4c05da6b4.jpg,1girl animal_ears black_hair commentary_request flower fox_ears hair_ribbon japanese_clothes kimono letterboxed long_hair otome_youkai_zakuro photoshop_(medium) purple_eyes ribbon smile solo sword takigami twintails very_long_hair weapon zakuro_(otome_youkai_zakuro),4,https://www.pixiv.net/artworks/16216188
zakuro and agemaki kei (otome youkai zakuro) drawn by nanaka2011,1319483,94336,https://cdn.donmai.us/original/8c/98/8c98ed14e42f118b6247017486ee06bf.jpg,1boy 1girl agemaki_kei animal_ears black_hair blonde_hair bow commentary_request flower fox_ears hair_ribbon japanese_clothes kimono long_hair military military_uniform nanaka2011 otome_youkai_zakuro photoshop_(medium) pink_bow purple_eyes ribbon smile sword twintails uniform very_long_hair weapon yellow_eyes zakuro_(otome_youkai_zakuro),2,https://www.pixiv.net/artworks/26676499
"ibuki suika, hirasawa yui, uiharu kazari, momo velia deviluke, ikeda chitose, and 17 more (touhou and 21 more) drawn by monicanc",1258566,266733,https://cdn.donmai.us/original/a1/03/a103825cb43c7af9f976ce29d3cb6569.jpg,2boys 6+girls aged_down animal_ears annotated ano_hi_mita_hana_no_namae_wo_bokutachi_wa_mada_shiranai. asmodeus_(umineko) bad_id bad_pixiv_id bessho_koyoi blood bonbori brown_hair commentary_request crossover dress fam_fan_fan fox_ears glasses gloves goggles gourd hair_ornament hanasaku_iroha hat hatsukoi_limited head_wreath highres hirasawa_yui hisakawa_tetsudou horns hyakka_ryouran_samurai_girls ibuki_suika ikeda_chitose inga k-on! kami_nomi_zo_shiru_sekai kenkou_zenrakei_suieibu_umishou last_exile last_exile:_gin'yoku_no_fam lisa_(seiken_no_blacksmith) minami-ke momo_velia_deviluke monicanc multiple_boys multiple_girls nagase_jun nanamori_school_uniform naoe_kanetsugu_(hyakka_ryouran) ninagawa_amuro nosebleed ookami-san open_mouth oshimizu_nako otome_youkai_zakuro panda_hat pantyhose peke photoshop_(medium) ryuuguu_otohime sailor_dress sainan_high_school_uniform sakugawa_school_uniform sakuragaoka_high_school_uniform school_uniform seiken_no_blacksmith seikon_no_qwaser serafuku short_hair shugo_chara! smile stakes_of_purgatory summer_uniform suu_(shugo_chara!) tail to_love-ru toaru_kagaku_no_railgun toaru_majutsu_no_index touhou toyosaki_aki twintails two_side_up uiharu_kazari umineko_no_naku_koro_ni un-go voice_actor_connection x_hair_ornament yamanobe_tomo yoshino_(minami-ke) yuru_yuri,12,https://www.pixiv.net/artworks/25606070
zakuro (otome youkai zakuro) drawn by tetsua_rei,1228111,13506,https://cdn.donmai.us/original/33/a4/33a40935a8ce16b47efc81d67b12aeb3.jpg,1girl animal_ears bow cherry_blossoms commentary_request full_moon hand_on_own_chest highres long_hair moon otome_youkai_zakuro petals pink_bow purple_eyes purple_hair round_window sidelocks sitting smile solo tabi tetsua_rei window yagasuri yokozuwari zakuro_(otome_youkai_zakuro),6,https://www.pixiv.net/artworks/13726923
"black rock shooter, gokou ruri, tachibana kanade, charlotte dunois, sengoku nadeko, and 27 more (monogatari and 29 more) drawn by miyata_(miyatami07)",1156414,228126,https://cdn.donmai.us/original/47/1b/471b79832378b669b2bfd6c17e16b08d.jpg,6+girls :d ;d angel_beats! animal_ears annotated ao_no_exorcist aquarion_(series) aquarion_evol bakemonogatari black_hair black_rock_shooter black_rock_shooter_(character) blonde_hair blue_eyes boku_wa_tomodachi_ga_sukunai breasts brown_eyes brown_hair candy charlotte_dunois chiaki_kurihara clara_(kuragehime) commentary_request crossover darker_than_black dog_days durarara!! food fractale glasses gokou_ruri green_eyes green_hair grey_hair hanato_kobato hanazawa_kana hasegawa_kobato hat heterochromia highres hyuuga_mahiru infinite_stratos inu_x_boku_ss ioryogi jellyfish kajiwara_sora kami_nomi_zo_shiru_sekai kaminagi_ryouko kamisama_dolls kannagi katana kobato. kuragehime kurashita_tsukimi lollipop long_hair matsumi_kuro medium_breasts minato_tomoka miniskirt_pirates miyata_(miyatami07) mole mole_under_eye monogatari_(series) moriyama_shiemi multicolored_hair multiple_crossover multiple_girls naruse_kozue nessa_(fractale) noir_vinocacao one_eye_closed open_mouth ore_no_imouto_ga_konna_ni_kawaii_wake_ga_nai otome_youkai_zakuro pink_eyes pink_hair potemayo potemayo_(character) purple_eyes purple_hair red_eyes red_hair roromiya_karuta rou-kyuu-bu! saki seikimatsu_occult_gakuin sengoku_nadeko shiina_mayuri shiomiya_shiori sketchbook_full_colors small_breasts smile sonohara_anri steins;gate suou_pavlichenko susukihotaru sweater_vest swirl_lollipop sword tachibana_kanade tanuki thighhighs to_love-ru voice_actor_connection watanuki_banri weapon wings yellow_eyes yuuki_mikan zange zegapain zessica_wong,13,https://www.pixiv.net/artworks/26910592
"zakuro, susukihotaru, bonbori, hoozuki, and mamezou (otome youkai zakuro) drawn by xylit01",964538,131377,https://cdn.donmai.us/original/0e/0b/0e0b91c968b608ae8971dc37ba25bddb.jpg,4girls aged_down animal_ears black_eyes black_hair blonde_hair bonbori closed_eyes commentary_request flower fox_ears hair_flower hair_ornament hand_on_head hoozuki_(otome_youkai_zakuro) japanese_clothes kimono long_hair mamezou_(otome_youkai_zakuro) multiple_girls otome_youkai_zakuro short_hair siblings sisters smile susukihotaru twins xylit01 yellow_eyes zakuro_(otome_youkai_zakuro),3,https://www.pixiv.net/artworks/19426150
megurine luka and kamui gakupo (vocaloid and 1 more) drawn by fuumin_(spike_heel),906890,115487,https://cdn.donmai.us/original/cb/63/cb639038a3790e290f342ec60d87a9ac.jpg,1boy 1girl animal_ears apron back-to-back blue_eyes branch cherry_blossoms commentary_request couple feet_out_of_frame fuumin_(spike_heel) hair_between_eyes hetero highres holding holding_branch holding_sword holding_weapon japanese_clothes kamui_gakupo katana kemonomimi_mode kimono lace-trimmed_sleeves lace_trim long_hair long_sleeves looking_at_viewer looking_back maid_headdress md5_mismatch megurine_luka military military_uniform obi otome_youkai_zakuro outstretched_arm pants parody petals pink_hair ponytail purple_hair red_kimono sash sheath sidelocks simple_background standing sword tassel uniform unsheathing very_long_hair vocaloid waist_apron weapon white_apron white_background white_pants wide_sleeves,3,https://www.pixiv.net/artworks/18479872
zakuro and agemaki kei (otome youkai zakuro) drawn by honda_tamanosuke,889178,79844,https://cdn.donmai.us/original/d0/39/d039cd089e766a5f50822cbf2905862d.jpg,1boy 1girl agemaki_kei apron cherry_blossoms closed_eyes commentary_request height_difference honda_tamanosuke hug hug_from_behind japanese_clothes kimono otome_youkai_zakuro petals sandals tabi waist_apron zakuro_(otome_youkai_zakuro),9,https://www.pixiv.net/artworks/17883512
zakuro and agemaki kei (otome youkai zakuro) drawn by hoshino_lily,888117,1309,https://cdn.donmai.us/original/e9/9b/e99bf5967fa3c03efb5528e0446a6625.jpg,1boy 1girl agemaki_kei aiguillette arm_grab bow commentary_request greyscale hair_bow hoshino_lily japanese_clothes kimono long_hair military military_uniform monochrome otome_youkai_zakuro uniform whispering zakuro_(otome_youkai_zakuro),4,https://twitpic.com/4cez68
"bonbori, hoozuki, and hanakiri ganryuu (otome youkai zakuro) drawn by hoshino_lily",888113,1309,https://cdn.donmai.us/original/b5/1c/b51cf5dce292cb2de88cfaefa058d509.jpg,1girl 2boys aiguillette animal_ears blush bonbori commentary_request gender_request genderswap greyscale hanakiri_ganryuu hoozuki_(otome_youkai_zakuro) hoshino_lily japanese_clothes kimono military military_uniform monochrome multiple_boys otome_youkai_zakuro ponytail siblings twins uniform,8,https://twitpic.com/4fmmgx
zakuro and agemaki kei (otome youkai zakuro) drawn by hoshino_lily,888111,1309,https://cdn.donmai.us/original/e6/8a/e68a854da07c7afccfe08ea8c508927f.jpg,1boy 1girl agemaki_kei aiguillette animal_ears commentary_request gender_request genderswap greyscale grin hand_on_own_hip hoshino_lily japanese_clothes kimono military military_uniform monochrome otome_youkai_zakuro role_reversal scared smile uniform zakuro_(otome_youkai_zakuro),6,https://twitpic.com/4fnx26
susukihotaru and yoshinokazura riken (otome youkai zakuro) drawn by hoshino_lily,888110,1309,https://cdn.donmai.us/original/7a/5e/7a5e5b093e39c80744e81ac922a9016b.jpg,1boy 1girl animal_ears commentary_request gender_request genderswap greyscale hand_on_another's_head hat holding holding_clothes holding_hat hoshino_lily japanese_clothes kimono long_hair military military_uniform monochrome otome_youkai_zakuro shorts socks susukihotaru uniform unworn_hat unworn_headwear yoshinokazura_riken,5,https://twitpic.com/4fn9km
zakuro (otome youkai zakuro) drawn by nana_g,881782,20119,https://cdn.donmai.us/original/b5/8f/b58ff434adeea0d701886d1df8f3e728.jpg,1girl animal_ears black_hair bow commentary_request flower highres japanese_clothes kimono knife long_hair nana_g otome_youkai_zakuro petals photoshop_(medium) pink_bow pink_kimono purple_eyes solo twintails zakuro_(otome_youkai_zakuro),9,https://www.pixiv.net/artworks/17226906
"accelerator, okamoto nobuhiko, and mamezou (toaru majutsu no index and 1 more) drawn by hinamizu",854110,324997,https://cdn.donmai.us/original/a2/25/a225eef8bb166f0cf53bea58f7e9d4c8.png,1boy >_o accelerator_(toaru_majutsu_no_index) arm_support black_eyes blush_stickers cherry_blossoms collar collarbone commentary_request creature expressionless hair_between_eyes hand_on_own_cheek hand_on_own_face hinamizu indoors japanese_clothes knee_up leaning_back looking_at_viewer mamezou_(otome_youkai_zakuro) okamoto_nobuhiko one_eye_closed otome_youkai_zakuro petals pink_hair red_eyes sharp_teeth sitting teeth toaru_majutsu_no_index voice_actor_connection window,0,https://www.pixiv.net/artworks/14340303
zakuro (otome youkai zakuro) drawn by mirai_denki,851720,12866,https://cdn.donmai.us/original/62/5a/625a02f048477df2be0b7105b3cdabda.jpg,1girl animal_ears bad_link cat_ears lineart long_hair mirai_denki monochrome otome_youkai_zakuro sketch solo twintails upper_body zakuro_(otome_youkai_zakuro),3,http://pixiv.blogimg.jp/miraidenki/imgs/7/5/756f7370.jpg?973314cd
susukihotaru and yoshinokazura riken (otome youkai zakuro) drawn by kanro_(kanro0220),851414,131377,https://cdn.donmai.us/original/cd/0f/cd0f4027eee45d85a214ef50bf4b9d6f.png,1boy 1girl animal_ears asa_no_ha_(pattern) black_hair closed_eyes commentary_request couple fox_ears hand_on_another's_cheek hand_on_another's_face hetero japanese_clothes kanro_(kanro0220) kimono maid_headdress military military_uniform obi otome_youkai_zakuro purple_eyes sash short_hair susukihotaru uniform yoshinokazura_riken,1,https://www.pixiv.net/artworks/15945154
bonbori and hoozuki (otome youkai zakuro) drawn by akatsuki55,851410,131377,https://cdn.donmai.us/original/9d/89/9d89c74c009dc30e7348a5f753056ee0.jpg,2girls akatsuki55 alternate_costume animal_ears beads blonde_hair bonbori commentary_request dress drill_hair flower fox_ears hair_ornament holding_hands hoozuki_(otome_youkai_zakuro) interlocked_fingers long_hair multiple_girls otome_youkai_zakuro red_flower red_rose rose siblings sisters smile twins twintails yellow_eyes,1,https://www.pixiv.net/artworks/16534185
susukihotaru (otome youkai zakuro) drawn by gojou_kurota,846049,110107,https://cdn.donmai.us/original/a6/92/a692516560226f3e0fca654acd2c7b90.jpg,1girl apron blush breasts brown_hair commentary_request cum cum_in_mouth cum_on_body cum_on_breasts gojou_kurota long_hair medium_breasts navel nipples open_mouth otome_youkai_zakuro purple_eyes sitting socks solo susukihotaru tears white_socks,10,https://www.pixiv.net/artworks/16413672
"bonbori, hoozuki, and hanakiri ganryuu (otome youkai zakuro) drawn by hara_yui",844097,11672,https://cdn.donmai.us/original/aa/e7/aae7ed04eaf428ee7a9215a823fa22b4.jpg,1boy 2girls :d animal_ears blonde_hair blush bonbori branch closed_eyes drill_hair flower fox_ears hanakiri_ganryuu hara_yui hat hoozuki_(otome_youkai_zakuro) hug japanese_clothes kimono military military_uniform multiple_girls open_mouth otome_youkai_zakuro siblings sisters smile twins uniform,2,http://harablog55.img.jugem.jp/20101222_2286658.jpg
"zakuro, susukihotaru, bonbori, and hoozuki (otome youkai zakuro) drawn by takitsume_shino",836254,1,https://cdn.donmai.us/original/70/9f/709f175bf4fcdc8f3fd94ea157510a6b.jpg,4girls :d animal_ears apron blush bonbori breasts breasts_squeezed_together cleavage collarbone convenient_hand floral_background flower fox_ears hoozuki_(otome_youkai_zakuro) looking_at_viewer maid_headdress medium_breasts monochrome multiple_girls naked_apron one_eye_closed open_mouth otome_youkai_zakuro pink_flower pink_rose rose smile susukihotaru takitsume_shino teeth upper_teeth_only waist_apron zakuro_(otome_youkai_zakuro),13,http://judgepage.com/log/20110122.jpg
zakuro (otome youkai zakuro) drawn by marugoshi_(54burger),831882,11672,https://cdn.donmai.us/original/45/33/45337b2d6c9761247e9a29377abb97e8.jpg,1girl :d animal_ears asa_no_ha_(pattern) bad_id bad_pixiv_id blue_eyes bow fang fox_ears hair_bow japanese_clothes kimono marugoshi_(54burger) open_mouth otome_youkai_zakuro photoshop_(medium) pink_kimono smile solo twintails zakuro_(otome_youkai_zakuro),5,https://www.pixiv.net/artworks/15341874
"zakuro, susukihotaru, bonbori, and hoozuki (otome youkai zakuro) drawn by aine_(haibane)",831007,13047,https://cdn.donmai.us/original/33/34/33340b765b4fe2258dbafae332210093.jpg,4girls aine_(haibane) animal_ears bad_id bad_pixiv_id black_hair blonde_hair bonbori bow closed_eyes gift grin hair_bow hair_ornament hair_ribbon highres hoozuki_(otome_youkai_zakuro) japanese_clothes kimono long_hair maid_headdress mittens multiple_girls otome_youkai_zakuro ribbon siblings sisters smile snow snowflakes star_(symbol) susukihotaru twins twintails zakuro_(otome_youkai_zakuro),0,https://www.pixiv.net/artworks/15100218
bonbori and hoozuki (otome youkai zakuro) drawn by aine_(haibane),830960,13047,https://cdn.donmai.us/original/33/03/3303dae974a1024e47a5478947aab40b.jpg,2girls aine_(haibane) bad_id bad_pixiv_id blonde_hair blush bonbori flower holding_hands hoozuki_(otome_youkai_zakuro) interlocked_fingers japanese_clothes kimono long_hair multiple_girls open_mouth otome_youkai_zakuro siblings sisters smile twins,1,https://www.pixiv.net/artworks/13951453
zakuro (otome youkai zakuro) drawn by aine_(haibane),830945,13047,https://cdn.donmai.us/original/1d/57/1d5756cdd65a19845bc10d9d6b143692.jpg,1girl aine_(haibane) animal_ears bad_id bad_pixiv_id black_hair bow grin japanese_clothes kimono long_hair otome_youkai_zakuro petals pink_bow purple_eyes red_background smile solo teeth zakuro_(otome_youkai_zakuro),1,https://www.pixiv.net/artworks/14809300
"gokou ruri, kousaka kirino, elysia de lute ima, and zakuro (ore no imouto ga konna ni kawaii wake ga nai and 2 more) drawn by kuroya_shinobu and misaki_kurehito",827890,11672,https://cdn.donmai.us/original/07/d2/07d2b109f03f76c7e4132d915a84ebf5.png,4girls :< :q absurdres animal_ears ass ass_grab ball beachball bikini blue_eyes bow bra breasts cat_ears censored clothing_aside crossed_legs elysia_de_lute_ima fang food fox_ears gokou_ruri grabbing grabbing_another's_breast hair_bow hair_ornament hetero highres kami_nomi_zo_shiru_sekai kneehighs kousaka_kirino kuroya_shinobu lingerie loafers looking_back medium_breasts misaki_kurehito mole mole_under_eye multiple_girls navel nipples open_mouth ore_no_imouto_ga_konna_ni_kawaii_wake_ga_nai otome_youkai_zakuro paizuri panties panties_aside pantyhose penis pleated_skirt popsicle school_uniform season_connection shoes sitting skirt socks swimsuit tongue tongue_out torn_clothes torn_pantyhose twintails underwear zakuro_(otome_youkai_zakuro),18,https://yande.re/post/show/168427
agemaki kei (otome youkai zakuro) drawn by sesto,827489,131377,https://cdn.donmai.us/original/90/67/906778608df81010ace108ddf2cb0f84.jpg,1boy agemaki_kei aiguillette blonde_hair commentary_request flower gloves lying male_focus military military_uniform on_back otome_youkai_zakuro petals red_flower red_rose rose rose_petals sesto single_glove solo uniform upside-down yellow_eyes,2,https://www.pixiv.net/artworks/13971882
zakuro (otome youkai zakuro) drawn by ibodi33,827488,131377,https://cdn.donmai.us/original/cd/53/cd53af6021928c7aab9c534af8374b69.jpg,1girl animal_ears asa_no_ha_(pattern) bad_id bad_pixiv_id black_hair bow branch flower fox_ears hair_bow hair_ribbon ibodi33 japanese_clothes kimono long_hair obi open_mouth otome_youkai_zakuro pink_bow purple_eyes ribbon sandals sash solo standing twintails zakuro_(otome_youkai_zakuro),5,https://www.pixiv.net/artworks/15516600
"bonbori, hoozuki, and hanakiri ganryuu (otome youkai zakuro) drawn by amane_(kotoune)",827487,131377,https://cdn.donmai.us/original/ea/4d/ea4df9127e711f23cb7ef099ad739c88.jpg,1boy 2girls aiguillette amane_(kotoune) animal_ears asa_no_ha_(pattern) bad_id bad_pixiv_id beads blonde_hair bonbori branch brown_eyes brown_hair drill_hair fox_ears hair_ornament hanakiri_ganryuu hand_on_another's_shoulder hat hoozuki_(otome_youkai_zakuro) japanese_clothes kimono long_hair military military_uniform multiple_girls new_year open_mouth otome_youkai_zakuro photoshop_(medium) shippou_(pattern) siblings sisters smile twins twintails uniform yellow_eyes,1,https://www.pixiv.net/artworks/15729060
zakuro (otome youkai zakuro) drawn by oumi_neneha,827484,131377,https://cdn.donmai.us/original/32/f5/32f57e56802b2301bb3bcfae51092ded.jpg,1girl animal_ears bad_id bad_pixiv_id black_hair bow branch chibi flower fox_ears hair_bow hair_ribbon japanese_clothes kimono long_hair obi open_mouth otome_youkai_zakuro oumi_neneha pink_kimono purple_eyes ribbon sash shippou_(pattern) smile solo twintails zakuro_(otome_youkai_zakuro),2,https://www.pixiv.net/artworks/15701734
"stocking, panty, ikamusume, sherlock shellingford, elysia de lute ima, and 3 more (panty & stocking with garterbelt and 5 more) drawn by oyuyamio",827314,11672,https://cdn.donmai.us/original/9d/9f/9d9fc0d31350c79c840bf67a54155a81.jpg,6+girls :d animal_ears arashiyama_hotori blue_hair blush_stickers bow bracelet braid branch broom chibi commentary_request crossover dress earrings elbow_gloves elysia_de_lute_ima fox_ears gloves grin gun hair_bow hair_ornament ikamusume japanese_clothes jewelry kami_nomi_zo_shiru_sekai kimono maid maid_headdress mini-ikamusume multiple_crossover multiple_girls one_eye_closed open_mouth otome_youkai_zakuro oyuyamio panty_&_stocking_with_garterbelt panty_(psg) pink_hair ponytail red_dress salute season_connection sherlock_shellingford shinryaku!_ikamusume short_dress shrimp siblings sisters smile soredemo_machi_wa_mawatteiru stocking_(psg) sword tantei_opera_milky_holmes tentacle_hair tray twintails vulcan_salute weapon zakuro_(otome_youkai_zakuro),6,https://www.pixiv.net/artworks/15580560
zakuro (otome youkai zakuro) drawn by kan_satomi,818978,79844,https://cdn.donmai.us/original/1d/62/1d6286376df95866195986d347346013.jpg,1girl animal_ears asa_no_ha_(pattern) bow branch commentary_request hair_bow japanese_clothes kan_satomi kimono lying otome_youkai_zakuro pink_bow solo zakuro_(otome_youkai_zakuro),4,https://www.pixiv.net/artworks/15546474
susukihotaru (otome youkai zakuro) drawn by gofu,817871,104404,https://cdn.donmai.us/original/15/af/15afae1c57eefe264ec85f334bdf74a7.jpg,1girl animal_ears commentary_request fox_ears gofu greyscale maid maid_headdress monochrome otome_youkai_zakuro short_hair sketch solo spot_color susukihotaru traditional_media,3,https://www.pixiv.net/artworks/15536378
susukihotaru (otome youkai zakuro),817611,20596,https://cdn.donmai.us/original/09/8a/098a9be86565d16cde496887f5eeccde.jpg,1girl anime_screencap otome_youkai_zakuro purple_eyes sheath slit_pupils solo susukihotaru sword unsheathing weapon,0,
zakuro and susukihotaru (otome youkai zakuro) drawn by takitsume_shino,816255,110107,https://cdn.donmai.us/original/99/2c/992c73256afb91007ccab8e9e396dcd6.jpg,2girls bell blue_hair blush commentary_request hair_ornament jingle_bell long_hair multiple_girls open_mouth otome_youkai_zakuro purple_hair smile susukihotaru takitsume_shino zakuro_(otome_youkai_zakuro),4,https://www.pixiv.net/artworks/15467262
zakuro (otome youkai zakuro) drawn by kopperi,810916,131377,https://cdn.donmai.us/original/d6/e8/d6e8a2fa8c25fa840f229511daa7f632.jpg,1girl animal_ears bad_id bad_pixiv_id black_hair bow dagger fox_ears hair_bow hair_ribbon hands japanese_clothes kimono knife kopperi long_hair obi otome_youkai_zakuro petals purple_eyes ribbon sash solo twintails upper_body weapon wide_sleeves zakuro_(otome_youkai_zakuro),5,https://www.pixiv.net/artworks/15273963
"zakuro, susukihotaru, bonbori, and hoozuki (otome youkai zakuro) drawn by takitsume_shino",810055,1,https://cdn.donmai.us/original/cd/dd/cdddeae13865b7a15e94246a3b7d5027.jpg,4girls :d animal_ears apron blush bonbori breasts breasts_squeezed_together cleavage collarbone commentary_request convenient_hand floral_background flower fox_ears hoozuki_(otome_youkai_zakuro) looking_at_viewer maid_headdress medium_breasts monochrome multiple_girls naked_apron one_eye_closed open_mouth otome_youkai_zakuro pink_flower pink_rose rose smile susukihotaru tabi takitsume_shino teeth upper_teeth_only waist_apron zakuro_(otome_youkai_zakuro),3,https://www.pixiv.net/artworks/15253118
byakuroku and daidai (otome youkai zakuro) drawn by fujiwara_truffe,808621,131377,https://cdn.donmai.us/original/64/24/6424daa70318c2f3f13b23d28767ae0a.jpg,2girls animal_ears bad_id bad_pixiv_id blush bow byakuroku_(otome_youkai_zakuro) daidai_(otome_youkai_zakuro) facial_mark flower fox_ears fujiwara_truffe grey_hair hair_ornament hip_vent holding_hands interlocked_fingers japanese_clothes long_hair multicolored_hair multiple_girls otome_youkai_zakuro photoshop_(medium) ponytail rose sandals siblings side_slit sisters smile tattoo two-tone_hair white_flower white_hair white_rose yellow_eyes,3,https://www.pixiv.net/artworks/15217615
zakuro (otome youkai zakuro) drawn by jaga_note,806079,39411,https://cdn.donmai.us/original/17/fc/17fcc26a93bf257e96433f1f37a6b9c5.png,1girl areolae bad_id bad_pixiv_id black_hair bow breasts condom condom_in_mouth contemporary female_pubic_hair jaga_note medium_breasts mouth_hold nipples no_panties otome_youkai_zakuro pink_bow pleated_skirt pubic_hair pussy red_background school_uniform serafuku skirt solo uncensored zakuro_(otome_youkai_zakuro),22,https://www.pixiv.net/artworks/14973955
zakuro and agemaki kei (otome youkai zakuro) drawn by terram,805780,131377,https://cdn.donmai.us/original/64/ec/64ec92ca9985ba727fba3173dfcc6ace.jpg,1boy 1girl agemaki_kei animal_ears bad_id bad_pixiv_id black_hair blonde_hair bow couple fox_ears hair_bow hair_ribbon hetero japanese_clothes kimono long_hair military military_uniform open_mouth otome_youkai_zakuro pink_bow purple_eyes ribbon smile terram twintails uniform yellow_eyes zakuro_(otome_youkai_zakuro),2,https://www.pixiv.net/artworks/15120778
bonbori and hoozuki (otome youkai zakuro) drawn by applique,804640,131377,https://cdn.donmai.us/original/64/b4/64b452f65b023a862a02ee9b85ac272c.jpg,2girls animal_ears applique bad_id bad_pixiv_id blonde_hair bonbori bow drill_hair fox_ears hair_bow hair_ornament hair_ribbon hoozuki_(otome_youkai_zakuro) japanese_clothes kimono long_hair multiple_girls open_mouth otome_youkai_zakuro photoshop_(medium) ribbon rotational_symmetry siblings sisters smile twins twintails upside-down yellow_eyes,2,https://www.pixiv.net/artworks/14384263
zakuro and agemaki kei (otome youkai zakuro) drawn by mori_(iris),804638,131377,https://cdn.donmai.us/original/74/0a/740aa4ca075170fd5fc2e89075d138a5.jpg,1boy 1girl agemaki_kei animal_ears black_hair blonde_hair bow branch camellia commentary_request couple flower fox_ears gloves hair_bow hair_ribbon hetero japanese_clothes kimono long_hair military military_uniform mori_(iris) open_mouth otome_youkai_zakuro painttool_sai_(medium) pink_bow purple_eyes ribbon smile twintails uniform yellow_eyes zakuro_(otome_youkai_zakuro),1,https://www.pixiv.net/artworks/14090193
susukihotaru (otome youkai zakuro) drawn by haru_(manhoul),804636,131377,https://cdn.donmai.us/original/07/97/0797be16370ad695ed4a7e28fd29101d.jpg,1girl animal_ears bad_id bad_pixiv_id black_hair branch fox_ears haru_(manhoul) japanese_clothes kimono maid_headdress obi otome_youkai_zakuro petals pink_kimono sash short_hair smile solo susukihotaru yellow_eyes,1,https://www.pixiv.net/artworks/14409663
"bonbori, hoozuki, sakura, and kiri (otome youkai zakuro) drawn by suzutama",804635,131377,https://cdn.donmai.us/original/ae/81/ae812a4665670c113a62d6ec99d1472f.jpg,4girls animal_ears asa_no_ha_(pattern) beads blonde_hair bonbori broom commentary_request drill_hair fox_ears hair_ornament highres hoozuki_(otome_youkai_zakuro) japanese_clothes kimono kiri_(otome_youkai_zakuro) long_hair multiple_girls obi one_eye_closed open_mouth otome_youkai_zakuro petals photoshop_(medium) riding sakura_(otome_youkai_zakuro) sash siblings sisters smile suzutama traditional_youkai twins twintails yellow_eyes,1,https://www.pixiv.net/artworks/14334021
susukihotaru and yoshinokazura riken (otome youkai zakuro) drawn by otowe,804633,131377,https://cdn.donmai.us/original/ee/cb/eecbeac0ad8a6345c53d46c2c6dda52d.jpg,1boy 1girl animal_ears asa_no_ha_(pattern) bellflower black_eyes black_hair branch chinese_bellflower commentary_request flower fox_ears japanese_clothes kimono maid_headdress military military_uniform otome_youkai_zakuro otowe photoshop_(medium) purple_eyes short_hair susukihotaru uniform yoshinokazura_riken,3,https://www.pixiv.net/artworks/14180420
zakuro (otome youkai zakuro) drawn by rihara,804623,131377,https://cdn.donmai.us/original/19/2b/192b1aaa47a29781a2c18b4b2c34d05e.jpg,1girl animal_ears asa_no_ha_(pattern) bad_id bad_pixiv_id black_hair blue_eyes blush bow branch dutch_angle flower fox_ears hair_bow hair_ribbon japanese_clothes kimono long_hair moon night obi otome_youkai_zakuro photoshop_(medium) pink_bow purple_kimono ribbon rihara sash smile solo twintails upper_body zakuro_(otome_youkai_zakuro),6,https://www.pixiv.net/artworks/14143991
susukihotaru and yoshinokazura riken (otome youkai zakuro) drawn by kate_niemczyk,804622,131377,https://cdn.donmai.us/original/9a/b7/9ab7d60da79b9ed317a7c95dd6037645.png,1boy 1girl animal_ears bad_id bad_pixiv_id black_eyes black_hair blush branch chibi couple flower fox_ears hair_flower hair_ornament hetero hug japanese_clothes kate_niemczyk kimono lying maid_headdress military military_uniform on_person otome_youkai_zakuro short_hair sitting susukihotaru uniform yoshinokazura_riken,0,https://www.pixiv.net/artworks/14209376
zakuro and agemaki kei (otome youkai zakuro) drawn by neko_(nekopunch),804618,131377,https://cdn.donmai.us/original/de/ae/deae79a672e230792b04213048663170.jpg,1boy 1girl agemaki_kei aiguillette animal_ears arm_around_waist asa_no_ha_(pattern) black_eyes black_hair blonde_hair blush bow commentary_request couple flower fox_ears gloves hair_bow hair_ribbon hetero japanese_clothes kimono long_hair military military_uniform neko_(nekopunch) obi otome_youkai_zakuro photoshop_(medium) pink_bow ribbon sash smile twintails uniform yellow_eyes zakuro_(otome_youkai_zakuro),2,https://www.pixiv.net/artworks/14621033
"bonbori, hoozuki, and hanakiri ganryuu (otome youkai zakuro) drawn by minafuni",804611,131377,https://cdn.donmai.us/original/a8/2d/a82db8479fc157659e1b8282672e67c0.jpg,1boy 2girls animal_ears blonde_hair blush bonbori bow brown_eyes brown_hair commentary_request drill_hair fox_ears hanakiri_ganryuu hoozuki_(otome_youkai_zakuro) hug japanese_clothes long_hair military military_uniform minafuni multiple_girls obi open_mouth otome_youkai_zakuro sash siblings sisters smile twintails uniform yellow_eyes,2,https://www.pixiv.net/artworks/13876325
bonbori and hoozuki (otome youkai zakuro) drawn by kou_2_(asu-1222),804609,131377,https://cdn.donmai.us/original/ec/79/ec7948b7fe859c26387127215762c7d8.jpg,2girls animal_ears asa_no_ha_(pattern) bad_id bad_pixiv_id beads blonde_hair blush bonbori branch closed_eyes drill_hair flower fox_ears hair_ornament holding_hands hoozuki_(otome_youkai_zakuro) japanese_clothes kou_2_(asu-1222) lily_(flower) long_hair multiple_girls open_mouth otome_youkai_zakuro siblings sisters smile symmetrical_hand_pose twins twintails yellow_eyes,0,https://www.pixiv.net/artworks/13836387
zakuro and agemaki kei (otome youkai zakuro) drawn by chico-noche,804605,131377,https://cdn.donmai.us/original/15/39/1539f8791c7492eec39ff5f8a92e3d86.jpg,1boy 1girl :< agemaki_kei aiguillette animal_ears apron asa_no_ha_(pattern) blonde_hair bow brown_eyes chibi chico-noche commentary_request fox_ears hair_bow hair_ribbon hands_on_own_hips japanese_clothes kimono long_hair lowres military military_uniform obi otome_youkai_zakuro ribbon sash simple_background smile standing star_(symbol) twintails uniform zakuro_(otome_youkai_zakuro),0,https://www.pixiv.net/artworks/13751109
"zakuro, susukihotaru, bonbori, hoozuki, agemaki kei, and 2 more (otome youkai zakuro) drawn by chico-noche",804602,131377,https://cdn.donmai.us/original/f5/95/f5959c23f5d946d5ed99656075b49df9.jpg,3boys 4girls agemaki_kei animal_ears apron asa_no_ha_(pattern) beads black_hair blonde_hair blue_eyes bonbori bow brown_eyes brown_hair chibi chico-noche commentary_request drill_hair fox_ears hair_bow hair_ornament hair_ribbon hanakiri_ganryuu hands_on_own_hips holding_hands hoozuki_(otome_youkai_zakuro) japanese_clothes kimono long_hair maid_headdress military military_uniform multiple_boys multiple_girls obi open_mouth otome_youkai_zakuro ribbon sash short_hair siblings sisters smile standing star_(symbol) susukihotaru twins twintails uniform yoshinokazura_riken zakuro_(otome_youkai_zakuro),1,https://www.pixiv.net/artworks/13917265
bonbori (otome youkai zakuro) drawn by dai_(mebae16),804597,131377,https://cdn.donmai.us/original/45/c2/45c25313181d6d29fc8c759135afa48e.png,1girl animal_ears bonbori bow branch commentary_request dai_(mebae16) dress drill_hair fox_ears hair_bow hair_ribbon highres long_hair otome_youkai_zakuro petals ribbon solo twintails yellow_eyes,0,https://www.pixiv.net/artworks/14524439
zakuro and mamezou (otome youkai zakuro) drawn by micha_(chaho),804590,131377,https://cdn.donmai.us/original/d8/80/d880675e3741ef5897f40510deb36750.jpg,1girl animal_ears asa_no_ha_(pattern) black_hair blush bow cherry_blossoms closed_eyes commentary_request flower fox_ears hair_bow hair_ribbon japanese_clothes kimono long_hair mamezou_(otome_youkai_zakuro) micha_(chaho) obi open_mouth otome_youkai_zakuro own_hands_clasped own_hands_together pink_kimono purple_eyes ribbon sash sharp_teeth smile solo teeth traditional_youkai twintails zakuro_(otome_youkai_zakuro),1,https://www.pixiv.net/artworks/14791386
bonbori and hoozuki (otome youkai zakuro) drawn by nucomas,804584,131377,https://cdn.donmai.us/original/46/87/468788b3731a9fb19b6ff88b12b6d539.jpg,2girls aged_down alternate_hairstyle animal_ears bad_id bad_pixiv_id blonde_hair blush bonbori chibi closed_eyes fox_ears hair_down hoozuki_(otome_youkai_zakuro) japanese_clothes long_hair lying multiple_girls nucomas on_stomach otome_youkai_zakuro photoshop_(medium) siblings sisters sleeping twins yellow_eyes,11,https://www.pixiv.net/artworks/14791499
zakuro and susukihotaru (otome youkai zakuro) drawn by tama_two_(fukuya),804528,131377,https://cdn.donmai.us/original/1b/37/1b37652e430a50419a927b428886b540.jpg,2girls animal_ears asa_no_ha_(pattern) black_hair blue_eyes blush border bow commentary_request flower fox_ears hair_bow hair_ribbon japanese_clothes kimono long_hair maid_headdress multiple_girls otome_youkai_zakuro pink_bow purple_eyes ribbon short_hair smile susukihotaru tama_two_(fukuya) twintails zakuro_(otome_youkai_zakuro),2,https://www.pixiv.net/artworks/13740569
zakuro (otome youkai zakuro) drawn by suguru_(godai_fifth),804523,131377,https://cdn.donmai.us/original/c0/05/c0059735c2c4bf36bb31f705097fc1af.jpg,1girl animal_ears black_hair blue_eyes bow commentary_request dagger fangs fox_ears hair_bow hair_ribbon japanese_clothes kimono knife long_hair obi open_mouth otome_youkai_zakuro ribbon sash solo suguru_(godai_fifth) twintails weapon zakuro_(otome_youkai_zakuro),3,https://www.pixiv.net/artworks/13721282
"bonbori, hoozuki, and hanakiri ganryuu (otome youkai zakuro) drawn by chico-noche",804519,131377,https://cdn.donmai.us/original/45/64/4564db35dddcc29c4097112c41477cd9.jpg,1boy 2girls animal_ears asa_no_ha_(pattern) black_hair blonde_hair blush bonbori bow chico-noche closed_eyes commentary_request drill_hair fox_ears hair_bow hair_ribbon hanakiri_ganryuu heart hoozuki_(otome_youkai_zakuro) hug japanese_clothes kimono long_hair military military_uniform multiple_girls obi open_mouth otome_youkai_zakuro purple_eyes ribbon sash siblings simple_background sisters smile twins twintails uniform,2,https://www.pixiv.net/artworks/13718036
zakuro (otome youkai zakuro) drawn by nora-neko,804517,131377,https://cdn.donmai.us/original/2f/d5/2fd5da5d2e4b18ba2d29a6706c9160a8.jpg,1girl animal_ears black_hair bow branch commentary_request fox_ears hair_bow hair_ribbon japanese_clothes kimono long_hair nora-neko obi otome_youkai_zakuro pink_bow pink_kimono purple_eyes ribbon sash solo twintails zakuro_(otome_youkai_zakuro),1,https://www.pixiv.net/artworks/13705806
zakuro (otome youkai zakuro) drawn by bunbun_(bunbun87),804515,131377,https://cdn.donmai.us/original/47/17/471771b7e347363d04a3b58704e56f87.png,1girl animal_ears asa_no_ha_(pattern) black_hair blue_eyes bow bunbun_(bunbun87) commentary_request fox_ears gloves hair_bow hair_ribbon hands japanese_clothes kimono lips long_hair obi otome_youkai_zakuro pink_bow ribbon sash solo twintails upper_body zakuro_(otome_youkai_zakuro),2,https://www.pixiv.net/artworks/14722774
"bonbori, hoozuki, and hanakiri ganryuu (otome youkai zakuro) drawn by towako",804505,131377,https://cdn.donmai.us/original/d0/2c/d02cf57d94c58eecdaa0d4a6582ca68d.jpg,1boy 2girls aged_down alternate_hairstyle animal_ears barefoot black_hair blonde_hair blush bonbori cherry_blossoms commentary_request flower fox_ears hair_down hanakiri_ganryuu hoozuki_(otome_youkai_zakuro) japanese_clothes long_hair multiple_girls otome_youkai_zakuro siblings sisters smile standing towako twins yellow_eyes,6,https://www.pixiv.net/artworks/14546643
byakuroku (otome youkai zakuro) drawn by izumin_(lc_123),804504,131377,https://cdn.donmai.us/original/eb/5a/eb5ac1019307a7918b46625f8c67af97.jpg,1girl animal_ears blonde_hair byakuroku_(otome_youkai_zakuro) commentary_request facial_mark forehead_mark fox_ears hair_ribbon izumin_(lc_123) long_hair mask multicolored_hair otome_youkai_zakuro ribbon solo tattoo white_hair yellow_eyes,3,https://www.pixiv.net/artworks/14432272
"bonbori, hoozuki, and hanakiri ganryuu (otome youkai zakuro) drawn by chisso",804500,131377,https://cdn.donmai.us/original/b1/5c/b15cd9e896cdd37726974c6ee01443fb.png,1boy 2girls animal_ears arm_hug asa_no_ha_(pattern) bad_id bad_pixiv_id beads black_hair blonde_hair blush bonbori brown_eyes chisso closed_eyes drill_hair fox_ears hair_ornament hanakiri_ganryuu hand_to_own_mouth hands hoozuki_(otome_youkai_zakuro) japanese_clothes kimono long_hair military military_uniform multiple_girls open_mouth otome_youkai_zakuro siblings sisters smile twins uniform upper_body yellow_eyes,2,https://www.pixiv.net/artworks/14429861
susukihotaru and yoshinokazura riken (otome youkai zakuro) drawn by kurukuma,804499,131377,https://cdn.donmai.us/original/d1/f3/d1f38ae5219b373d3e90d2e7a7c7de63.jpg,1boy 1girl animal_ears asa_no_ha_(pattern) black_eyes black_hair commentary_request couple flower fox_ears hand_on_another's_back hetero highres holding_hands japanese_clothes kimono kurukuma maid_headdress military military_uniform obi otome_youkai_zakuro sash short_hair smile susukihotaru texture uniform wisteria yoshinokazura_riken,1,https://www.pixiv.net/artworks/14446478
susukihotaru (otome youkai zakuro) drawn by yuzuki_yua,804496,131377,https://cdn.donmai.us/original/1a/1c/1a1cabb2b5095a535c750bd218899492.jpg,1girl animal_ears asa_no_ha_(pattern) black_hair blush commentary_request fang flower fox_ears japanese_clothes kimono maid_headdress obi open_mouth otome_youkai_zakuro pink_kimono purple_eyes sash short_hair smile solo susukihotaru unmoving_pattern yuzuki_yua,1,https://www.pixiv.net/artworks/14113099
susukihotaru and yoshinokazura riken (otome youkai zakuro) drawn by maekawa_suu,804494,131377,https://cdn.donmai.us/original/02/0b/020b31ce90ed4a1154f9fc2d3b4d9072.jpg,1boy 1girl aiguillette animal_ears asa_no_ha_(pattern) black_eyes black_hair commentary_request flower fox_ears japanese_clothes kimono maekawa_suu maid_headdress military military_uniform open_mouth otome_youkai_zakuro petals purple_eyes short_hair susukihotaru uniform yoshinokazura_riken,0,https://www.pixiv.net/artworks/14070712
zakuro (otome youkai zakuro) drawn by naka_53,804493,131377,https://cdn.donmai.us/original/86/56/8656039d7f99cc57c890d685304ec1b8.jpg,1girl animal_ears bad_id bad_pixiv_id black_hair bow flower fox_ears hair_bow hair_ribbon japanese_clothes kimono long_hair naka_53 obi open_mouth otome_youkai_zakuro own_hands_clasped own_hands_together pink_bow pink_kimono purple_eyes ribbon sash smile solo twintails zakuro_(otome_youkai_zakuro),2,https://www.pixiv.net/artworks/13978819
"zakuro, susukihotaru, bonbori, hoozuki, agemaki kei, and 11 more (otome youkai zakuro) drawn by fuuchisou and hassaku_(kuramatengu)",804275,131377,https://cdn.donmai.us/original/a8/24/a8242ad23f622bb1097a860da2aa299c.jpg,5boys 6+girls agemaki_kei aiguillette animal_ears black_hair blonde_hair bonbori bow byakuroku_(otome_youkai_zakuro) camellia closed_eyes colorized commentary_request dagger daidai_(otome_youkai_zakuro) dress drill_hair enaga everyone flower fox_ears fuuchisou hair_bow hair_ribbon hairband hanakiri_ganryuu hassaku_(kuramatengu) holding_hands hoozuki_(otome_youkai_zakuro) japanese_clothes kimono knife kushimatsu long_hair maid_headdress mamezou_(otome_youkai_zakuro) military military_uniform mugi_(otome_youkai_zakuro) multiple_boys multiple_girls obi omodaka orikata_aya otome_youkai_zakuro petals pink_bow purple_eyes ribbon sash short_hair siblings sisters smile susukihotaru tsukuhane twins twintails uniform weapon yellow_eyes yoshinokazura_riken zakuro_(otome_youkai_zakuro),2,https://www.pixiv.net/artworks/15045535
zakuro and agemaki kei (otome youkai zakuro) drawn by umesuki,804266,131377,https://cdn.donmai.us/original/45/0d/450ddf86b1bed34a7ce2fa24bf27a11b.png,1boy 1girl agemaki_kei aiguillette animal_ears asa_no_ha_(pattern) bad_id bad_pixiv_id black_hair blonde_hair blue_eyes blush bow couple fox_ears hair_bow hair_ribbon hetero japanese_clothes kimono long_hair military military_uniform obi otome_youkai_zakuro pink_bow ribbon sash smile twintails umesuki uniform zakuro_(otome_youkai_zakuro),2,https://www.pixiv.net/artworks/15059938
"zakuro, susukihotaru, bonbori, hoozuki, and mamezou (otome youkai zakuro) drawn by murasaki_gohan",804264,131377,https://cdn.donmai.us/original/a4/86/a48697404b5afec8993b83c016994d6e.jpg,4girls animal_ears asa_no_ha_(pattern) bad_id bad_pixiv_id beads black_hair blonde_hair bonbori bow branch closed_eyes drill_hair fangs floral_print flower fox_ears hair_bow hair_ornament hair_ribbon highres hoozuki_(otome_youkai_zakuro) japanese_clothes kikumon kimono light_particles long_hair maid_headdress mamezou_(otome_youkai_zakuro) multiple_girls murasaki_gohan open_mouth otome_youkai_zakuro purple_eyes purple_hair ribbon short_hair siblings sisters smile susukihotaru twins twintails yawning yellow_eyes zakuro_(otome_youkai_zakuro),1,https://www.pixiv.net/artworks/14780906
susukihotaru and yoshinokazura riken (otome youkai zakuro) drawn by peko_(opal),804261,131377,https://cdn.donmai.us/original/bb/92/bb92280b55577aa4d12c365fe1c66357.jpg,1boy 1girl aiguillette animal_ears asa_no_ha_(pattern) black_hair blush commentary_request couple flower fox_ears hair_flower hair_ornament hetero highres japanese_clothes kikumon kimono maid_headdress military military_uniform otome_youkai_zakuro peko_(opal) photoshop_(medium) purple_eyes short_hair smile standing susukihotaru uniform yoshinokazura_riken,0,https://www.pixiv.net/artworks/15060847
"hatsune miku, fate testarossa, nakano azusa, takamachi nanoha, hiiragi kagami, and 42 more (vocaloid and 39 more) drawn by denpa_usagi",804159,49984,https://cdn.donmai.us/original/ca/9f/ca9fa79287f9c3088a1603294dad7294.jpg,+_+ 1boy 6+girls absolutely_everyone alicia_melchiott animal_ears annotated aoyama_mio apron aqua_eyes aqua_hair arakawa_under_the_bridge bat_wings bell bikini bikini_top_only bishoujo_senshi_sailor_moon black_eyes black_hair black_rock_shooter black_rock_shooter_(character) black_shorts blonde_hair blue_eyes blue_hair blue_sailor_collar blush bonbori boots brown_eyes brown_hair cat_ears cat_girl cat_tail cellphone chain character_request chibi chibi_usa chinese_text chobits closed_eyes coat collar commentary_request cone_hair_bun cross_mirage crossdressing crossover cup d.gray-man demon_girl denpa_usagi detached_sleeves disgaea double_bun dress drill_hair drossel_von_flugel edy_nelson ekaterina_kurae elbow_gloves etna_(disgaea) everyone eyepatch fate_testarossa fireball_(series) flaming_eye flower fox_ears fox_girl francesca_lucchini frills gakuen_alice gintama gloves gothic gothic_lolita green_dam green_eyes green_hair grey_hair gun hair_bun hair_ornament hair_ribbon hairband hat hatsune_miku hayate_no_gotoku! headdress hiiragi_kagami hoozuki_(otome_youkai_zakuro) hyakka_ryouran_samurai_girls ichigo_mashimaro imaichi_moenai_ko jacket japanese_clothes jewelry k-on! kagurazaka_asuna kami_nomi_zo_shiru_sekai kimono kobe_shinbun kotoko_(chobits) kuroi_mato lenalee_lee lolita_fashion long_hair looking_up lucky_star lyrical_nanoha magical_girl mahora_academy_middle_school_uniform mahou_sensei_negima! mahou_shoujo_lyrical_nanoha_strikers maid maid_headdress maka_albarn maria_holic matsuoka_miu midriff military military_uniform minami-ke minami_kana mug multiple_crossover multiple_girls nahashi_lucia nakano_azusa naoe_kanetsugu_(hyakka_ryouran) navel necktie niche_(tegami_bachi) nippon_ichi no_shirt nymph_(sora_no_otoshimono) ookami-san open_clothes open_jacket open_mouth orange_hair os-tan otome_youkai_zakuro otonashi_meru pale_skin personification phone photoshop_(medium) pink_hair pointy_ears purple_eyes purple_hair red_eyes red_hair ribbon rifle rozen_maiden ryouou_school_uniform sailor_collar sailor_moon sailor_senshi sailor_senshi_uniform sakata_gintoki sakura_mikan sakuragaoka_high_school_uniform sanzen'in_nagi sayonara_zetsubou_sensei scar school_uniform seikon_no_qwaser senjou_no_valkyria_(series) senjou_no_valkyria_1 serafuku shinku shinouji_matsurika shirai_kuroko short_hair short_twintails shorts siblings simplified_chinese_text sisters skirt smile socks sora_no_otoshimono sora_no_woto soul_eater steak_(tegami_bachi) stella_(arakawa) strike_witches suminoya_kureha summer_uniform sweater_vest swimsuit tail takamachi_nanoha teana_lanster tegami_bachi thighhighs tiara toaru_kagaku_no_railgun toaru_majutsu_no_index tokiwadai_school_uniform tsukino_usagi twins twintails uniform usami_mimi venus_versus_virus very_long_hair vocaloid weapon white_hair wings world_witches_series yagyuu_kyuubei yellow_eyes zakuro_(otome_youkai_zakuro) zatsune_miku zettai_ryouiki,31,https://www.pixiv.net/artworks/14859412
susukihotaru and yoshinokazura riken (otome youkai zakuro) drawn by momoi_ryouta,803261,9498,https://cdn.donmai.us/original/6b/c2/6bc250c7e10c80cee42c2b7439b28626.jpg,1boy 1girl animal_ears black_eyes blush chibi commentary_request fox_ears japanese_clothes kimono maid_headdress military military_uniform momoi_ryouta otome_youkai_zakuro photoshop_(medium) purple_eyes short_hair susukihotaru sword uniform weapon yoshinokazura_riken,2,https://www.pixiv.net/artworks/14906221
zakuro and agemaki kei (otome youkai zakuro) drawn by momoi_ryouta,803260,9498,https://cdn.donmai.us/original/f7/de/f7de5f9f380e8eed1090abe65fe3bd6c.jpg,1boy 1girl agemaki_kei animal_ears blush bow chibi commentary_request fox_ears hair_bow japanese_clothes kimono long_hair military military_uniform momoi_ryouta obi otome_youkai_zakuro photoshop_(medium) pink_bow purple_eyes sash sword twintails uniform weapon yellow_eyes zakuro_(otome_youkai_zakuro),5,https://www.pixiv.net/artworks/14890170
susukihotaru (otome youkai zakuro) drawn by takitsume_shino,800572,1,https://cdn.donmai.us/original/1a/8b/1a8bc62a32a59c73fcac9b53c5609eef.jpg,1girl animal_ears commentary_request fox_ears japanese_clothes kimono maid_headdress otome_youkai_zakuro pink_kimono solo susukihotaru takitsume_shino,1,https://www.pixiv.net/artworks/15253118
zakuro and agemaki kei (otome youkai zakuro) drawn by mosho,799885,79844,https://cdn.donmai.us/original/82/32/82322ae380a9705fb92b0c80c5032347.jpg,1boy 1girl agemaki_kei ahoge animal_ears blonde_hair bow colored_pencil_(medium) commentary_request dated dress flower frills highres long_hair military military_uniform mosho otome_youkai_zakuro painting_(medium) petals purple_eyes purple_hair ribbon rose short_hair signature sparkle traditional_media twintails uniform watercolor_(medium) yellow_eyes zakuro_(otome_youkai_zakuro),2,https://www.pixiv.net/artworks/14951780
zakuro (otome youkai zakuro) drawn by mitsuki_(goomoku),799884,79844,https://cdn.donmai.us/original/db/99/db99738344da42c528d7529ee1a2ae45.jpg,1girl animal_ears asa_no_ha_(pattern) bad_id bad_pixiv_id bow japanese_clothes kimono mitsuki_(goomoku) otome_youkai_zakuro pink_bow ribbon solo twintails upper_body zakuro_(otome_youkai_zakuro),1,https://www.pixiv.net/artworks/14953007
zakuro (otome youkai zakuro) drawn by domotolain,798831,55843,https://cdn.donmai.us/original/5e/2c/5e2c10ae49c45338dfe248282fff7b5b.jpg,1girl animal_ears black_hair bow branch domotolain hair_bow hair_ribbon japanese_clothes kimono long_hair obi otome_youkai_zakuro photoshop_(medium) pink_kimono ribbon sash solo twintails zakuro_(otome_youkai_zakuro),5,http://blog-imgs-46.fc2blog.net/d/a/y/daydreamania/101009zakuro.jpg
zakuro (otome youkai zakuro) drawn by kou_2_(asu-1222),794286,9549,https://cdn.donmai.us/original/94/e1/94e14acdd76e6b5fdb30cc9a1cc05b39.jpg,1girl acrylic_paint_(medium) animal_ears asa_no_ha_(pattern) bad_id bad_pixiv_id bow cat_ears dagger highres japanese_clothes kimono knife kou_2_(asu-1222) otome_youkai_zakuro painting_(medium) pink_bow ribbon solo traditional_media weapon zakuro_(otome_youkai_zakuro),2,https://www.pixiv.net/artworks/13722630
"bonbori, hoozuki, and hanakiri ganryuu (otome youkai zakuro) drawn by xylit01",793987,131377,https://cdn.donmai.us/original/2e/e7/2ee7b98f8747d04816c654fe4f951007.jpg,1boy 2girls animal_ears black_hair blonde_hair bonbori bow brown_eyes commentary_request dress drill_hair fox_ears hair_bow hair_ornament hair_ribbon hanakiri_ganryuu hat hoozuki_(otome_youkai_zakuro) long_hair military military_uniform multiple_girls otome_youkai_zakuro ribbon siblings sisters smile standing twins uniform xylit01 yellow_eyes,0,https://www.pixiv.net/artworks/14771211
yakumo ran and kushimatsu (touhou and 1 more) drawn by dearmybrothers,793879,79844,https://cdn.donmai.us/original/ae/8a/ae8a4af4a11866616c01ff27fb08190a.jpg,1girl commentary_request dearmybrothers kushimatsu lowres mask otome_youkai_zakuro parody portrait solo touhou yakumo_ran,4,https://www.pixiv.net/artworks/14763540
zakuro (otome youkai zakuro) drawn by hijiri-tukasa,792679,110107,https://cdn.donmai.us/original/cf/cd/cfcd8e33d6df107d23d5c8e112a05770.jpg,1girl animal_ears bad_id bad_pixiv_id bare_shoulders black_hair blue_eyes blush bow commentary_request hair_ribbon highres hijiri-tukasa japanese_clothes kneeling long_hair looking_back open_mouth otome_youkai_zakuro pink_bow ribbon socks solo white_socks zakuro_(otome_youkai_zakuro),5,https://www.pixiv.net/artworks/14699226
bonbori and hoozuki (otome youkai zakuro) drawn by oginy,792665,110107,https://cdn.donmai.us/original/3c/a4/3ca4cc3fdb3ddbca1dacf63543cbf18b.jpg,2girls apron bare_shoulders blonde_hair blush bonbori breasts commentary_request drill_hair highres hoozuki_(otome_youkai_zakuro) japanese_clothes legs medium_breasts multiple_girls navel nipples no_bra no_panties oginy open_mouth otome_youkai_zakuro petals pussy socks uncensored white_socks yellow_eyes,8,https://www.pixiv.net/artworks/14703694
"zakuro, susukihotaru, bonbori, hoozuki, agemaki kei, and 5 more (otome youkai zakuro) drawn by tayu",790896,131377,https://cdn.donmai.us/original/19/81/19811c63bee72fe25331383d78b01adc.png,3boys 4girls agemaki_kei animal_ears arm_grab asa_no_ha_(pattern) bad_id bad_pixiv_id beads black_eyes black_hair blonde_hair blush bonbori bow brown_eyes chibi closed_eyes couple crossed_arms distress drill_hair everyone fox_ears hair_bow hair_ornament hair_ribbon hanakiri_ganryuu hetero hoozuki_(otome_youkai_zakuro) japanese_clothes kimono kiri_(otome_youkai_zakuro) long_hair maid_headdress mamezou_(otome_youkai_zakuro) military military_uniform multiple_boys multiple_girls obi open_mouth otome_youkai_zakuro purple_eyes ribbon sakura_(otome_youkai_zakuro) sash short_hair siblings sisters sitting smile standing susukihotaru tayu traditional_youkai twins twintails uniform yellow_eyes yoshinokazura_riken zakuro_(otome_youkai_zakuro),2,https://www.pixiv.net/artworks/14610679
susukihotaru (otome youkai zakuro) drawn by gojou_kurota,790766,102191,https://cdn.donmai.us/original/f2/57/f2578946869fa8a7bf1801097d594cf9.jpg,1girl animal_ears anus black_hair blush breasts commentary_request fox_ears gojou_kurota japanese_clothes kimono maid_headdress medium_breasts nipples otome_youkai_zakuro purple_eyes pussy short_hair socks solo susukihotaru,8,https://www.pixiv.net/artworks/14653565
zakuro (otome youkai zakuro),790356,18205,https://cdn.donmai.us/original/84/72/8472d52c43c30e0728a49aab9e648986.gif,1girl animal_ears animated animated_gif anime_screencap bow cookie fang food fox_ears hair_bow hair_ribbon japanese_clothes kimono lowres otome_youkai_zakuro purple_eyes ribbon solo twintails zakuro_(otome_youkai_zakuro),1,
susukihotaru (otome youkai zakuro) drawn by yukkyun,789457,131377,https://cdn.donmai.us/original/57/de/57de8430347754d354b2b5261673d0fa.jpg,1girl animal_ears bad_id bad_pixiv_id bellflower black_hair blush bow chibi chinese_bellflower closed_eyes dress fang flower fox_ears frills hair_flower hair_ornament japanese_clothes kimono looking_back maid_headdress multiple_persona obi open_mouth otome_youkai_zakuro purple_eyes sash short_hair smile standing susukihotaru yukkyun,3,https://www.pixiv.net/artworks/14596718
bonbori and hoozuki (otome youkai zakuro) drawn by mashiro_(bee0hatimitu),788335,131377,https://cdn.donmai.us/original/fc/3b/fc3b9050e778773a5b2b466c8e407652.png,2girls animal_ears asa_no_ha_(pattern) beads blonde_hair bonbori commentary_request drill_hair flower fox_ears hair_ornament holding_hands hoozuki_(otome_youkai_zakuro) japanese_clothes kimono long_hair mashiro_(bee0hatimitu) multiple_girls obi otome_youkai_zakuro red_flower red_rose rose sash siblings sisters smile symmetrical_hand_pose twins yellow_eyes,1,https://www.pixiv.net/artworks/13821759
bonbori and hoozuki (otome youkai zakuro) drawn by miri_(cherryjelly),787307,131377,https://cdn.donmai.us/original/59/4c/594c2341eab813330a2becdff3d255dc.jpg,2girls animal_ears apron bad_id bad_pixiv_id beads blonde_hair blush bonbori branch closed_eyes commentary_request drill_hair flower fox_ears hair_ornament hoozuki_(otome_youkai_zakuro) japanese_clothes kimono long_hair miri_(cherryjelly) multiple_girls obi open_mouth otome_youkai_zakuro sandals sash siblings sisters twins,0,https://www.pixiv.net/artworks/14367848
zakuro (otome youkai zakuro) drawn by satonari,787306,131377,https://cdn.donmai.us/original/1a/2a/1a2a06c9574b6b20d343e5a735cb7343.jpg,1girl asa_no_ha_(pattern) bad_id bad_pixiv_id black_eyes black_hair bow branch hair_bow hair_ribbon japanese_clothes kimono long_hair obi otome_youkai_zakuro pink_bow red_background ribbon sash satonari simple_background solo twintails zakuro_(otome_youkai_zakuro),2,https://www.pixiv.net/artworks/14359551
"zakuro, susukihotaru, bonbori, hoozuki, mamezou, and 2 more (otome youkai zakuro) drawn by shii_(shii158)",787303,131377,https://cdn.donmai.us/original/bb/5b/bb5befac8249de8fae8a741245c8576e.jpg,4girls animal_ears beads black_eyes black_hair blonde_hair bonbori bow branch closed_eyes commentary_request drill_hair fox_ears hair_bow hair_ornament hair_ribbon holding_hands hoozuki_(otome_youkai_zakuro) japanese_clothes kimono kiri_(otome_youkai_zakuro) knife long_hair maid_headdress mamezou_(otome_youkai_zakuro) multiple_girls obi open_mouth otome_youkai_zakuro petals photoshop_(medium) ribbon sakura_(otome_youkai_zakuro) sash shii_(shii158) short_hair siblings sisters smile susukihotaru traditional_youkai twins twintails weapon zakuro_(otome_youkai_zakuro),1,https://www.pixiv.net/artworks/14484939
susukihotaru (otome youkai zakuro) drawn by gojou_kurota,785790,110107,https://cdn.donmai.us/original/5b/d0/5bd0676d1daabf1eccf0cd83273745cd.jpg,1girl asa_no_ha_(pattern) bare_shoulders blush breasts commentary_request egasumi gojou_kurota grey_hair hairband japanese_clothes medium_breasts nipples no_bra open_clothes open_mouth otome_youkai_zakuro purple_eyes short_hair socks solo susukihotaru white_socks,3,https://www.pixiv.net/artworks/14461296
susukihotaru and yoshinokazura riken (otome youkai zakuro) drawn by niko_(tama),785385,102191,https://cdn.donmai.us/original/c4/f8/c4f833a299ff248e5b0a7cff6c9462da.png,1boy 1girl animal_ears bad_id bad_pixiv_id breasts brown_hair completely_nude cum cum_in_pussy fox_ears hairband hetero lactation maid_headdress niko_(tama) nipples nude otome_youkai_zakuro penis purple_eyes pussy saliva sex small_breasts spread_legs susukihotaru sweat tabi uncensored vaginal yoshinokazura_riken,35,https://www.pixiv.net/artworks/14446334
"zakuro, susukihotaru, bonbori, hoozuki, and kushimatsu (otome youkai zakuro) drawn by kotokoto_(vibgyor)",783572,131377,https://cdn.donmai.us/original/58/40/5840d8646a66289d39613f076912c5ac.jpg,4girls aged_down animal_ears bad_id bad_pixiv_id black_hair blonde_hair bonbori flower fox_ears hair_flower hair_ornament head_on_head head_rest hoozuki_(otome_youkai_zakuro) japanese_clothes kimono kotokoto_(vibgyor) kushimatsu long_hair multiple_girls otome_youkai_zakuro photoshop_(medium) purple_eyes purple_hair short_hair siblings sisters sleeping smile susukihotaru traditional_youkai twins yellow_eyes zakuro_(otome_youkai_zakuro),3,https://www.pixiv.net/artworks/14372563
zakuro and agemaki kei (otome youkai zakuro) drawn by owarine_miku,783564,131377,https://cdn.donmai.us/original/67/26/6726753719ae25cf55ac4ad3f4ce7c0e.jpg,1boy 1girl agemaki_kei animal_ears black_hair blonde_hair blush bow commentary_request floral_print fox_ears gloves hair_bow hair_ribbon hat highres japanese_clothes kimono long_hair military military_uniform obi otome_youkai_zakuro owarine_miku peaked_cap pink_bow purple_eyes ribbon sash twintails uniform yellow_eyes zakuro_(otome_youkai_zakuro),1,https://www.pixiv.net/artworks/14270379
susukihotaru and yoshinokazura riken (otome youkai zakuro) drawn by sugala,783559,131377,https://cdn.donmai.us/original/e4/f3/e4f3c0ab9ec315ba698635c711abeb59.jpg,1boy 1girl animal_ears black_eyes black_hair blush branch commentary_request couple face-to-face forehead-to-forehead fox_ears heads_together hetero holding_hands interlocked_fingers japanese_clothes kimono maid_headdress military military_uniform otome_youkai_zakuro petals purple_eyes short_hair smile sugala susukihotaru uniform yoshinokazura_riken,0,https://www.pixiv.net/artworks/14314611
susukihotaru (otome youkai zakuro) drawn by mashiro_(bee0hatimitu),783557,131377,https://cdn.donmai.us/original/03/e8/03e8c10116a045f27dc034bff799904c.png,1girl animal_ears asa_no_ha_(pattern) black_hair commentary_request fox_ears japanese_clothes kimono maid_headdress mashiro_(bee0hatimitu) obi otome_youkai_zakuro purple_eyes sash short_hair solo susukihotaru sword weapon,2,https://www.pixiv.net/artworks/14316295
susukihotaru and yoshinokazura riken (otome youkai zakuro) drawn by xylit01,783556,131377,https://cdn.donmai.us/original/59/2a/592aa543017bad2eb58c6603b01028b0.jpg,1boy 1girl animal_ears black_hair brown_eyes commentary_request couple fox_ears hetero holding_hands japanese_clothes kimono maid_headdress military military_uniform open_mouth otome_youkai_zakuro purple_eyes short_hair smile susukihotaru uniform xylit01 yoshinokazura_riken,1,https://www.pixiv.net/artworks/14330954
zakuro (otome youkai zakuro) drawn by katari,781752,79844,https://cdn.donmai.us/original/70/ee/70ee44e2310130a8f91d69c7e4b19843.jpg,1girl animal_ears asa_no_ha_(pattern) bow chrysanthemum commentary_request floral_print flower hair_bow japanese_clothes katari kikumon kimono otome_youkai_zakuro photoshop_(medium) pink_bow solo twintails zakuro_(otome_youkai_zakuro),4,https://www.pixiv.net/artworks/14310651
"panty, ikamusume, arashiyama hotori, agemaki wako, and zakuro (panty & stocking with garterbelt and 4 more) drawn by sey",781077,10084,https://cdn.donmai.us/original/2f/96/2f965cc9672893c68499be24c9f501bd.jpg,5girls agemaki_wako arashiyama_hotori commentary_request crossover ikamusume kiraboshi_(star_driver) monochrome multiple_girls otome_youkai_zakuro panty_&_stocking_with_garterbelt panty_(psg) photoshop_(medium) school_uniform season_connection sey shinryaku!_ikamusume soredemo_machi_wa_mawatteiru southern_cross_academy_school_uniform spot_color star_driver tentacle_hair tentacles traditional_media v_over_eye zakuro_(otome_youkai_zakuro),14,https://www.pixiv.net/artworks/13797324
susukihotaru (otome youkai zakuro) drawn by mashiro_(bee0hatimitu),780436,131377,https://cdn.donmai.us/original/ac/fe/acfe4ec3af443d6946e862b9c1549343.png,1girl animal_ears black_hair blush commentary_request flower fox_ears japanese_clothes kimono lying maid_headdress mashiro_(bee0hatimitu) on_side otome_youkai_zakuro pink_flower pink_rose purple_eyes rose short_hair smile solo susukihotaru white_flower white_rose,5,https://www.pixiv.net/artworks/14205161
zakuro and susukihotaru (megami magazine and 1 more) drawn by nishikawa_ena,779685,59648,https://cdn.donmai.us/original/69/0f/690f34e790581d60160c7ef158651ca7.jpg,2girls absurdres animal_ears asa_no_ha_(pattern) barefoot blue_eyes headdress highres imageboard_desourced japanese_clothes kimono kneeling long_hair megami_magazine multiple_girls nishikawa_ena non-web_source official_art one_eye_closed open_mouth otome_youkai_zakuro purple_eyes purple_hair sleepy susukihotaru tears yawning yukata zakuro_(otome_youkai_zakuro),10,Image board.
susukihotaru and yoshinokazura riken (otome youkai zakuro) drawn by hassaku_(kuramatengu),779095,131377,https://cdn.donmai.us/original/78/93/789357da0b5b3f54b2f33712ec36a763.jpg,1boy 1girl animal_ears bad_id bad_pixiv_id black_hair branch brown_eyes couple foreshortening fox_ears full_moon hassaku_(kuramatengu) hetero holding_hands japanese_clothes kimono maid_headdress military military_uniform moon obi otome_youkai_zakuro petals purple_eyes sash short_hair susukihotaru uniform yoshinokazura_riken,2,https://www.pixiv.net/artworks/14158230
zakuro and agemaki kei (otome youkai zakuro) drawn by kama_(satoyan),779090,131377,https://cdn.donmai.us/original/97/85/97856e525e284f0a2ecea3e2a1be1860.jpg,1boy 1girl agemaki_kei aiguillette animal_ears black_hair blonde_hair bow branch brown_eyes checkered_background commentary_request couple fox_ears gloves hair_bow hair_ribbon hetero highres holding_hands japanese_clothes kama_(satoyan) kimono long_hair military military_uniform obi open_mouth otome_youkai_zakuro petals purple_eyes ribbon sash short_hair smile twintails uniform zakuro_(otome_youkai_zakuro),1,https://www.pixiv.net/artworks/13978203
zakuro (otome youkai zakuro) drawn by buffy,779086,131377,https://cdn.donmai.us/original/30/27/3027045931f48b5d29bd86c7d67c2ed0.jpg,1girl animal_ears asa_no_ha_(pattern) black_hair bow buffy checkered_background commentary_request flower fox_ears hair_bow hair_ribbon japanese_clothes kimono long_hair obi otome_youkai_zakuro pink_kimono purple_eyes ribbon sash sheath sheathed solo sword twintails wakizashi weapon yellow_background zakuro_(otome_youkai_zakuro),6,https://www.pixiv.net/artworks/13873763
zakuro (otome youkai zakuro) drawn by kotokoto_(vibgyor),779085,131377,https://cdn.donmai.us/original/8b/26/8b261ce4fc0b54888a1fb58a79280532.jpg,2girls aged_down animal_ears bad_id bad_pixiv_id barefoot black_hair bow dual_persona flower fox_ears hair_bow hair_flower hair_ornament hair_ribbon highres in_tree japanese_clothes kimono kotokoto_(vibgyor) long_hair multiple_girls otome_youkai_zakuro petals photoshop_(medium) purple_eyes ribbon short_hair sitting sitting_in_tree time_paradox tree twintails zakuro_(otome_youkai_zakuro),2,https://www.pixiv.net/artworks/13940757
"zakuro, susukihotaru, bonbori, hoozuki, agemaki kei, and 2 more (otome youkai zakuro) drawn by iyo_(kirakirahoshi)",779084,131377,https://cdn.donmai.us/original/18/7c/187c7df58e33cb4aa3e21ff4fc904377.jpg,3boys 4girls agemaki_kei animal_ears arm_hug bad_id bad_pixiv_id beads black_eyes black_hair blonde_hair bonbori bow brown_eyes closed_eyes couple drill_hair everyone fox_ears hair_bow hair_ornament hair_ribbon hanakiri_ganryuu hetero holding_hands hoozuki_(otome_youkai_zakuro) iyo_(kirakirahoshi) japanese_clothes kimono long_hair maid_headdress military military_uniform multiple_boys multiple_girls obi open_mouth otome_youkai_zakuro petals photoshop_(medium) purple_eyes ribbon sash short_hair siblings sisters smile susukihotaru twins twintails uniform yoshinokazura_riken zakuro_(otome_youkai_zakuro),1,https://www.pixiv.net/artworks/13956549
zakuro (otome youkai zakuro) drawn by fujiwara_truffe,779082,131377,https://cdn.donmai.us/original/b7/be/b7be102b7533fcdfcee969be15087b34.jpg,1girl animal_ears bad_id bad_pixiv_id black_hair bow branch floral_print fox_ears fujiwara_truffe full_moon hair_bow hair_ribbon japanese_clothes kimono long_hair moon otome_youkai_zakuro petals pink_kimono purple_eyes ribbon smile solo twintails zakuro_(otome_youkai_zakuro),5,https://www.pixiv.net/artworks/14180204
"zakuro, susukihotaru, bonbori, and hoozuki (otome youkai zakuro) drawn by shishio",769429,115589,https://cdn.donmai.us/original/cb/d1/cbd1a0936f2bac2f82ff72728a9e6cbd.jpg,4girls animal_ears bonbori commentary_request drill_hair fang fox_ears hair_ribbon highres holding_hands hoozuki_(otome_youkai_zakuro) japanese_clothes kimono letterboxed long_hair multiple_girls otome_youkai_zakuro petals ribbon shishio susukihotaru zakuro_(otome_youkai_zakuro),2,https://www.pixiv.net/artworks/13870179
susukihotaru and yoshinokazura riken (otome youkai zakuro) drawn by iyo_(kirakirahoshi),766149,131377,https://cdn.donmai.us/original/e0/0f/e00f006b8eb74a61f52092204223307b.jpg,1boy 1girl animal_ears bad_id bad_pixiv_id black_hair blush brown_eyes couple fox_ears hetero iyo_(kirakirahoshi) maid_headdress otome_youkai_zakuro photoshop_(medium) short_hair smile susukihotaru yoshinokazura_riken,0,https://www.pixiv.net/artworks/13744787
bonbori and hoozuki (otome youkai zakuro) drawn by mutsuki_(snach),759282,1309,https://cdn.donmai.us/original/43/d6/43d65b4e860e8a9b19e255144b0073cc.png,2girls animal_ears asa_no_ha_(pattern) beads blonde_hair bonbori choker commentary_request drill_hair fox_ears hair_ornament hoozuki_(otome_youkai_zakuro) japanese_clothes kimono lowres multiple_girls mutsuki_(snach) obi oekaki otome_youkai_zakuro sash siblings sisters smile symmetry twins yellow_eyes,3,https://www.pixiv.net/artworks/2058879
"zakuro, susukihotaru, bonbori, and hoozuki (otome youkai zakuro) drawn by mao_(rocca)",759279,1309,https://cdn.donmai.us/original/f6/db/f6db356a03639959d18ece0432a85214.jpg,4girls :d ahoge animal_ears bad_id bad_pixiv_id beads blonde_hair blue_eyes blue_hair bonbori bow branch cherry_blossoms drill_hair fang flower fox_ears frills grin hair_bow hair_ribbon hoozuki_(otome_youkai_zakuro) japanese_clothes kimono long_hair maid_headdress mao_(rocca) multiple_girls obi open_mouth otome_youkai_zakuro petals photoshop_(medium) purple_eyes purple_hair ribbon sash smile susukihotaru twintails wavy_hair yellow_eyes zakuro_(otome_youkai_zakuro),5,https://www.pixiv.net/artworks/12011404
bonbori and hoozuki (otome youkai zakuro) drawn by yugake_(mrnmrm),759276,1309,https://cdn.donmai.us/original/8a/f5/8af52ff85024753c7cbb0766cbbc1276.png,2girls animal_ears asa_no_ha_(pattern) bad_id bad_pixiv_id beads blonde_hair bonbori drill_hair fox_ears hair_ornament highres holding_hands hoozuki_(otome_youkai_zakuro) interlocked_fingers japanese_clothes kimono multiple_girls open_mouth otome_youkai_zakuro siblings sisters smile symmetrical_hand_pose twins yellow_eyes you_gonna_get_raped yugake_(mrnmrm),2,https://www.pixiv.net/artworks/12611714
